Dataset id,SDG,pMSE,pMSE_time,s_pMSE,s_pMSE_time,BNLogLikelihood,BNLogLikelihood_time,GMLogLikelihood,GMLogLikelihood_time,ContinousKLDivergence,ContinousKLDivergence_time,DiscreteKLDivergence,DiscreteKLDivergence_time,KSComplement,KSComplement_time,CSTest,CSTest_time,CrCl,CrCl_time,Quality,Original dataset
SD305Q500_0,SD305Q500,105.40936884873113,2.419795959000112,inf,2.9091262869999355,-18.420680743952374,585.4719901729998,-1449989756.359048,41.00794016100008,0.8234382716851248,1420.3401605519998,,0.01814432700030011,0.8791472303206996,1.655792474000009,0.9999734412717556,0.030580159000237472,0.5505499054623607,6.917738754999846,Q500,D305
SD305Q500_1,SD305Q500,inf,2.4925596269999915,45989.39317909347,2.4362883219996547,-18.420680743952374,567.8851592820001,-1667244981.7698526,42.852254797999194,0.8269852424801095,1465.8601594449992,,0.018388591000075394,0.8811800291545189,1.6297749499999554,0.999983348485648,0.029655413000000408,0.5536211141113134,6.0096602869998605,Q500,D305
SD305Q500_2,SD305Q500,93.06650722990078,1.9181532020002123,44468.21979814322,2.3564386350008135,-18.420680743952374,576.2565435249999,-1863913646.675759,50.59658298700015,0.8276712196634737,1520.367504586,,0.023851178000768414,0.8817558309037902,1.6313297879996753,0.9999827837076173,0.030427386999690498,0.5464947688993187,8.52535854100006,Q500,D305
SD305Q500_3,SD305Q500,91.20383605236319,2.2658666260003884,39752.249271611916,2.0861126989993863,-18.420680743952374,614.1022257780005,-1785234884.321184,48.488318984000216,0.826261540386698,1531.2849671139993,,0.018003932000283385,0.8810189504373178,1.5854558419996465,0.9999745452218384,0.02949388699926203,0.5404385850643914,8.619439082000099,Q500,D305
SD305Q500_4,SD305Q500,95.59052919297756,2.105203134999101,42237.69267294478,2.1101308100005554,-18.420680743952374,577.2383392070005,-1611856961.9184227,43.65900627300107,0.8291729312342739,1592.4150174570004,,0.02076583699999901,0.8824624635568512,1.612033182000232,0.9999770089051011,0.030050708999624476,0.5571143695553027,8.201908148999792,Q500,D305
SD305Q500_5,SD305Q500,86.4790610710347,1.9887241370015545,40194.359452526536,1.9944026230004965,-18.420680743952374,579.6635926939998,-1926047021.866108,44.710903549999784,0.8261201521092635,1481.9247874480006,,0.019109412998659536,0.8809052478134111,1.6069159030012088,0.9999699196517778,0.029421991001072456,0.56368531669589,6.360244942999998,Q500,D305
