Dataset id,SDG,pMSE,pMSE_time,s_pMSE,s_pMSE_time,BNLogLikelihood,BNLogLikelihood_time,GMLogLikelihood,GMLogLikelihood_time,ContinousKLDivergence,ContinousKLDivergence_time,DiscreteKLDivergence,DiscreteKLDivergence_time,KSComplement,KSComplement_time,CSTest,CSTest_time,CrCl,CrCl_time,Quality,Original dataset
SD305Q10_0,SD305Q10,185.31578470725665,1.5235833159999856,78737.68918100197,1.6145342869999695,-18.420680743952374,2085.629503875,1585.8462175613615,51.03076585200006,0.7624660458766259,1626.2744696150003,,0.017889242999444832,0.825965743440233,1.695624320999741,0.9377433420282034,0.03351136499986751,0.017945383615084527,6.514469013000053,Q10,D305
SD305Q10_1,SD305Q10,186.07011364252412,1.5228577980005866,83587.05582268543,1.5398121080006604,-18.420680743952374,2054.8514819810007,1563.7279125876223,44.705475981000745,0.7626683559892866,1591.2297563719994,,0.016176974999325466,0.8260940233236151,1.6753698170014104,0.9382151709731595,0.030832446000204072,0.017950052029136316,6.861027646998991,Q10,D305
SD305Q10_2,SD305Q10,182.21968854574177,1.4833378299990727,78440.07801444482,1.5501119310010836,-18.420680743952374,2082.238939355,1558.0184076771613,46.06816228000025,0.7622759278963551,1598.6703869539997,,0.017309684000792913,0.8259759475218658,1.635144832000151,0.9332664391388428,0.02970569900026021,0.017950052029136316,9.831662980999681,Q10,D305
